price,floor,floors_count,rooms_count,total_m2,price_per_m2,year_of_construction,living_m2,kitchen_m2,district,underground,city
54456262,2,9,5,138.5,393186,2022,83.0,15.0,петроградский,крестовский остров,spb
58320000,1,6,5,201.8,288999,2008,107.0,19.0,петроградский,крестовский остров,spb
72592065,7,9,5,195.93,370500,2025,0.0,0.0,петроградский,чкаловская,spb
440000000,7,7,5,363.0,1212121,2005,103.0,140.0,петроградский,петроградский,spb
26222280,2,3,5,100.7,260400,2022,0.0,0.0,петродворцовый,автово,spb
299900000,7,7,5,326.0,919938,2007,171.0,35.0,петроградский,крестовский остров,spb
45770094,10,10,5,149.3,306564,2022,83.0,25.0,приморский,черная речка,spb
75000000,4,5,5,381.5,196592,1912,264.0,38.0,петроградский,петроградская,spb
97314000,7,8,5,231.7,420000,2019,113.0,23.0,петроградский,крестовский остров,spb
25000000,5,7,5,136.1,183688,1991,78.0,18.0,московский,московская,spb
108828180,7,7,5,187.0,581968,2024,0.0,0.0,василеостровский,василеостровская,spb
109900000,7,7,5,250.0,439600,1911,141.0,78.0,петроградский,петроградская,spb
135895500,6,6,5,232.3,585000,2022,137.0,33.0,московский,московская,spb
235000000,8,13,5,320.0,734375,2017,0.0,105.0,петроградский,петроградский,spb
235264000,2,6,5,294.0,800217,2024,0.0,0.0,петроградский,крестовский остров,spb
117000000,7,7,5,200.0,585000,2008,0.0,0.0,петроградский,крестовский остров,spb
33880000,15,18,5,169.4,200000,2023,78.0,30.0,василеостровский,приморская,spb
130000000,4,7,5,195.5,664961,2007,119.0,19.0,петроградский,петроградская,spb
44880000,14,18,5,224.4,200000,2023,78.0,30.0,василеостровский,приморская,spb
73000000,4,6,5,194.0,376288,1876,125.0,30.0,центральный,гостиный двор,spb
45793277,9,10,5,149.6,306104,2022,83.0,25.0,приморский,черная речка,spb
235000000,8,13,5,306.0,767973,2017,199.0,15.0,петроградский,чкаловская,spb
54597200,11,11,5,147.56,370000,2024,0.0,0.0,московский,московские ворота,spb
64073416,8,11,5,167.0,383673,2016,87.0,17.0,петроградский,петроградская,spb
55015300,11,11,5,148.69,370000,2024,0.0,0.0,московский,московские ворота,spb
30500000,7,7,5,184.0,165760,1917,109.0,28.0,адмиралтейский,садовая,spb
55012745,3,9,5,138.0,398643,2022,82.0,14.0,петроградский,крестовский остров,spb
325000000,2,6,5,342.0,950292,2007,146.0,79.0,петроградский,крестовский остров,spb
56371986,4,9,5,139.5,404100,2022,83.0,14.0,петроградский,крестовский остров,spb
69000000,2,5,5,218.0,316513,1952,144.0,18.0,петроградский,петроградская,spb
57180600,17,23,5,211.78,270000,2025,103.0,47.0,московский,московская,spb
440000000,7,7,5,363.0,1212121,2005,243.0,35.0,петроградский,крестовский остров,spb
62340000,5,9,5,190.1,327932,2024,100.0,15.0,красногвардейский,красногвардейский,spb
29990000,20,21,5,166.0,180662,2021,86.0,14.0,приморский,пионерская,spb
62307600,9,9,5,164.4,379000,2021,81.0,13.0,петроградский,крестовский остров,spb
38000000,3,9,5,172.2,220673,2014,99.0,31.0,василеостровский,приморская,spb
62687790,18,23,5,211.07,297000,2025,103.0,46.0,московский,московская,spb
320000000,10,10,5,256.0,1250000,2009,124.0,65.0,центральный,чернышевская,spb
84613395,2,9,5,185.9,455155,2022,94.0,38.0,петроградский,крестовский остров,spb
16300000,7,7,5,151.5,107590,1911,94.0,16.0,адмиралтейский,технологический институт,spb
88150000,2,7,5,215.0,410000,2022,142.0,20.0,петроградский,крестовский остров,spb
67500000,12,12,5,198.9,339366,2013,125.0,21.0,центральный,чернышевская,spb
88224090,2,9,5,200.1,440900,2022,128.0,20.0,петроградский,крестовский остров,spb
400000000,8,9,5,249.7,1601922,2009,119.0,54.0,центральный,чернышевская,spb
88777120,9,9,5,201.4,440800,2021,125.0,21.0,петроградский,крестовский остров,spb
14200000,1,17,5,103.4,137330,1994,68.0,11.0,приморский,комендантский проспект,spb
91627181,2,9,5,204.1,448932,2022,94.0,37.0,петроградский,крестовский остров,spb
46900000,5,6,5,196.1,239163,1910,109.0,15.0,центральный,чернышевская,spb
103032000,5,7,5,212.0,486000,2022,138.0,20.0,петроградский,крестовский остров,spb
117000000,7,7,5,200.0,585000,2009,110.0,20.0,петроградский,крестовский остров,spb
113411600,7,7,5,201.8,562000,2022,131.0,17.0,петроградский,крестовский остров,spb
33300000,2,7,5,165.2,201573,1877,97.0,14.0,центральный,площадь восстания,spb
118440854,2,7,5,260.3,455016,2022,121.0,28.0,петроградский,крестовский остров,spb
36900000,3,6,5,182.3,202413,1916,151.0,17.0,петроградский,петроградская,spb
119477992,2,7,5,264.3,452054,2022,121.0,28.0,петроградский,крестовский остров,spb
26000000,11,16,5,141.7,183486,1996,86.0,20.0,василеостровский,приморская,spb
121103400,7,8,5,183.49,660000,2023,0.0,0.0,петроградский,петроградская,spb
20100000,2,4,5,104.4,192528,1917,73.0,10.0,василеостровский,василеостровская,spb
141290140,4,7,5,255.3,553427,2022,121.0,27.0,петроградский,крестовский остров,spb
115000000,4,4,5,300.0,383333,2000,144.0,32.0,петроградский,крестовский остров,spb
150290000,8,8,5,150.29,1000000,2023,0.0,0.0,петроградский,петроградская,spb
290000000,2,3,5,442.0,656108,2003,155.0,70.0,петроградский,черная речка,spb
160990000,8,8,5,160.99,1000000,2023,0.0,0.0,петроградский,петроградская,spb
440000000,7,7,5,363.0,1212121,2005,244.0,100.0,петроградский,крестовский остров,spb
160290000,8,8,5,178.1,900000,2023,0.0,0.0,петроградский,петроградская,spb
74000000,8,10,5,184.6,400866,2007,100.0,20.0,петроградский,спортивная,spb
189000000,8,8,5,189.0,1000000,2023,0.0,0.0,петроградский,петроградская,spb
79900000,4,7,5,164.0,487195,2006,100.0,8.0,петроградский,крестовский остров,spb
249888000,8,8,5,208.24,1200000,2023,0.0,0.0,петроградский,петроградская,spb
67338300,1,9,5,202.8,332042,2022,134.0,20.0,петроградский,крестовский остров,spb
64073416,8,11,5,167.0,383673,2016,99.0,25.0,петроградский,петроградская,spb
21500000,5,6,5,127.0,169291,1914,85.0,14.0,адмиралтейский,садовая,spb
89000000,6,6,5,211.9,420009,1911,142.0,20.0,петроградский,горьковская,spb
21000000,2,4,5,112.5,186666,1905,56.0,27.0,центральный,владимирская,spb
21200000,2,5,5,159.4,132998,1907,105.0,17.0,адмиралтейский,пушкинская,spb
31150000,3,3,5,210.2,148192,1946,77.0,11.0,приморский,озерки,spb
10400000,3,5,5,94.1,110520,1961,60.0,10.0,невский,обухово,spb
75000000,4,5,5,203.0,369458,1903,129.0,15.0,центральный,чернышевская,spb
10200000,4,9,5,71.2,143258,1969,54.0,6.0,кировский,проспект ветеранов,spb
110000000,5,5,5,208.8,526819,1907,122.0,27.0,центральный,чернышевская,spb
47750000,4,4,5,240.0,198958,2003,137.0,12.0,василеостровский,приморская,spb
17900000,1,6,5,76.8,233072,1905,59.0,5.0,центральный,площадь восстания,spb
49000000,3,6,5,191.9,255341,1913,132.0,15.0,петроградский,горьковская,spb
50000000,3,3,5,217.3,230096,2008,0.0,0.0,курортный,курортный,spb
90000000,7,10,5,187.6,479744,2007,150.0,20.0,петроградский,крестовский остров,spb
29000000,2,2,5,170.0,170588,1950,110.0,12.0,приморский,старая деревня,spb
45000000,2,7,5,150.0,300000,1903,90.0,25.0,центральный,площадь восстания,spb
41000000,13,26,5,159.4,257214,2010,88.0,15.0,василеостровский,приморская,spb
16900000,3,5,5,104.9,161105,1949,78.0,8.0,красногвардейский,новочеркасская,spb
124000000,7,7,5,260.0,476923,1828,173.0,26.0,центральный,невский проспект,spb
17300000,5,6,5,128.8,134316,1880,72.0,14.0,адмиралтейский,адмиралтейская,spb
250000000,23,23,5,425.0,588235,2008,153.0,107.0,выборгский,площадь ленина,spb
20100000,3,4,5,118.5,169620,1896,74.0,12.0,адмиралтейский,технологический институт,spb
51000000,4,5,5,142.3,358397,1909,84.0,27.0,центральный,достоевская,spb
18490000,1,10,5,108.1,171045,1995,72.0,8.0,невский,проспект большевиков,spb
17200000,3,7,5,131.6,130699,1911,89.0,11.0,центральный,владимирская,spb
29000000,4,4,5,105.7,274361,1822,72.0,11.0,центральный,невский проспект,spb
35000000,3,5,5,153.1,228608,1889,114.0,22.0,центральный,маяковская,spb
28000000,3,6,5,158.9,176211,1756,107.0,13.0,адмиралтейский,садовая,spb
21500000,3,5,5,147.0,146258,1908,100.0,19.0,петроградский,спортивная,spb
19950000,3,5,5,134.0,148880,1828,95.0,16.0,центральный,сенная площадь,spb
127000000,4,4,5,201.1,631526,1871,125.0,18.0,адмиралтейский,адмиралтейская,spb
36000000,4,5,5,238.0,151260,2011,180.0,20.0,выборгский,озерки,spb
100000000,7,7,5,242.8,411861,2004,138.0,15.0,петроградский,горьковская,spb
32000000,25,25,5,198.0,161616,2011,103.0,38.0,выборгский,озерки,spb
18000000,4,4,5,113.7,158311,2003,91.0,8.0,пушкинский,купчино,spb
23300000,3,5,5,130.0,179230,1901,92.0,10.0,центральный,площадь восстания,spb
14800000,17,21,5,118.0,125423,2012,77.0,10.0,красносельский,красносельский,spb
95000000,6,6,5,342.0,277777,1905,302.0,16.0,центральный,чернышевская,spb
16000000,5,5,5,110.6,144665,1895,64.0,16.0,центральный,лиговский проспект,spb
46000000,7,7,5,181.9,252886,1910,111.0,49.0,центральный,чернышевская,spb
51600000,3,5,5,206.4,250000,1873,126.0,12.0,центральный,достоевская,spb
22600000,4,4,5,119.8,188647,1880,64.0,18.0,центральный,маяковская,spb
110000000,5,5,5,311.8,352790,1913,169.0,31.0,центральный,достоевская,spb
80000000,7,7,5,264.0,303030,1957,150.0,87.0,московский,парк победы,spb
49900000,15,17,5,207.0,241062,2008,131.0,40.0,невский,пролетарская,spb
27200000,20,24,5,135.0,201481,2011,101.0,13.0,приморский,комендантский проспект,spb
12119000,9,15,5,110.0,110172,1982,61.0,12.0,красногвардейский,ладожская,spb
14900000,4,14,5,119.6,124581,2020,73.0,13.0,выборгский,проспект просвещения,spb
10900000,1,5,5,87.6,124429,1965,66.0,7.0,петродворцовый,петродворцовый,spb
40000000,7,7,5,230.0,173913,1840,169.0,15.0,адмиралтейский,садовая,spb
97000000,2,2,5,327.9,295821,2012,89.0,27.0,приморский,удельная,spb
35000000,2,5,5,126.0,277777,1849,68.0,18.0,адмиралтейский,гостиный двор,spb
45000000,5,5,5,161.0,279503,1845,100.0,20.0,центральный,гостиный двор,spb
20500000,6,7,5,110.2,186025,1913,75.0,14.0,центральный,площадь восстания,spb
16990000,3,4,5,91.3,186089,1880,64.0,8.0,адмиралтейский,технологический институт,spb
20900000,3,3,5,131.0,159541,1852,103.0,13.0,центральный,центральный,spb
36500000,4,4,5,157.9,231158,1830,99.0,30.0,адмиралтейский,адмиралтейская,spb
16950000,2,4,5,83.0,204216,1860,60.0,8.0,центральный,площадь восстания,spb
94711699,4,5,5,202.5,467712,1904,0.0,0.0,адмиралтейский,адмиралтейская,spb
19000000,6,6,5,123.6,153721,1880,80.0,14.0,адмиралтейский,садовая,spb
26000000,6,6,5,158.0,164556,1908,87.0,23.0,центральный,площадь восстания,spb
41683052,12,12,5,142.8,291898,2022,0.0,23.0,невский,елизаровская,spb
20850000,4,4,5,95.7,217868,1898,60.0,11.0,адмиралтейский,пушкинская,spb
10700000,2,9,5,72.0,148611,1970,54.0,6.0,кировский,ленинский проспект,spb
250000000,3,3,5,250.0,1000000,2010,65.0,44.0,петроградский,чкаловская,spb
21000000,4,5,5,166.5,126126,1914,87.0,20.0,адмиралтейский,балтийская,spb
66900000,9,10,5,178.8,374161,2017,87.0,47.0,петроградский,чкаловская,spb
35000000,4,5,5,205.3,170482,1956,113.0,30.0,красногвардейский,новочеркасская,spb
24000000,3,5,5,130.6,183767,1952,86.0,11.0,кировский,нарвская,spb
29000000,4,4,5,105.7,274361,1822,70.0,11.0,центральный,невский проспект,spb
17000000,6,6,5,118.2,143824,1910,78.0,14.0,центральный,площадь восстания,spb
99500000,13,14,5,276.5,359855,2009,116.0,70.0,петроградский,горьковская,spb
45000000,2,7,5,176.7,254668,2014,100.0,25.0,василеостровский,василеостровская,spb
115000000,15,16,5,305.0,377049,2018,157.0,27.0,василеостровский,приморская,spb
14400000,1,5,5,131.6,109422,1930,70.0,24.0,калининский,площадь ленина,spb
38000000,2,5,5,130.6,290964,1903,76.0,8.0,центральный,владимирская,spb
29900000,4,7,5,170.1,175778,1896,123.0,18.0,центральный,центральный,spb
25000000,2,5,5,128.0,195312,1898,75.0,15.0,петроградский,чкаловская,spb
20990000,3,3,5,131.7,159377,1852,103.0,13.0,центральный,площадь александра невского,spb
80000000,10,10,5,230.0,347826,2018,84.0,80.0,василеостровский,приморская,spb
32445000,2,5,5,201.9,160698,1901,120.0,28.0,центральный,чернышевская,spb
7000000,1,5,5,66.5,105263,1968,52.0,7.0,колпинский,купчино,spb
29950000,3,7,5,142.0,210915,1911,96.0,17.0,центральный,площадь восстания,spb
28000000,4,6,5,146.0,191780,1912,85.0,15.0,адмиралтейский,садовая,spb
14500000,4,6,5,118.0,122881,1917,77.0,11.0,адмиралтейский,нарвская,spb
19900000,4,5,5,135.0,147407,1913,100.0,17.0,адмиралтейский,технологический институт,spb
32190000,2,6,5,182.1,176771,1910,123.0,14.0,центральный,достоевская,spb
240000000,8,13,5,342.0,701754,2017,0.0,0.0,петроградский,чкаловская,spb
79900000,4,8,5,163.0,490184,2006,103.0,9.0,петроградский,крестовский остров,spb
25250000,1,4,5,117.6,214710,2015,70.0,20.0,приморский,беговая,spb
98000000,11,12,5,247.9,395320,2009,143.0,17.0,центральный,чернышевская,spb
18000000,4,7,5,118.0,152542,1956,88.0,9.0,кировский,кировский завод,spb
53340000,6,9,5,190.5,280000,2021,87.0,54.0,выборгский,лесная,spb
39900000,3,5,5,173.0,230635,1911,105.0,14.0,центральный,звенигородская,spb
36400000,4,4,5,157.9,230525,1830,100.0,30.0,адмиралтейский,адмиралтейская,spb
28500000,17,20,5,148.9,191403,2011,84.0,14.0,красносельский,ленинский проспект,spb
12000000,1,9,5,71.3,168302,1969,56.0,7.0,кировский,проспект ветеранов,spb
21200000,4,6,5,146.7,144512,1899,78.0,15.0,василеостровский,василеостровская,spb
35000000,1,3,5,184.4,189804,1817,140.0,18.0,василеостровский,василеостровская,spb
18000000,1,2,5,78.9,228136,1887,45.0,12.0,пушкинский,московская,spb
72800000,5,8,5,202.3,359861,2021,111.0,15.0,петроградский,крестовский остров,spb
25780000,2,6,5,181.5,142038,2013,121.0,30.0,пушкинский,пушкинский,spb
37000000,4,4,5,223.6,165474,1843,154.0,13.0,адмиралтейский,садовая,spb
42800000,4,4,5,145.2,294765,1849,66.0,17.0,адмиралтейский,адмиралтейская,spb
19000000,5,5,5,144.8,131215,1902,107.0,15.0,адмиралтейский,адмиралтейский,spb
110000000,5,5,5,209.0,526315,1907,122.0,28.0,центральный,чернышевская,spb
149500000,2,5,5,252.9,591142,1798,117.0,39.0,центральный,центральный,spb
29500000,3,7,5,133.8,220478,1888,82.0,15.0,центральный,лиговский проспект,spb
35000000,1,6,5,126.0,277777,1856,91.0,20.0,адмиралтейский,адмиралтейская,spb
12300000,13,26,5,118.5,103797,2018,73.0,13.0,пушкинский,купчино,spb
46720800,3,9,5,144.14,324134,2022,80.0,15.0,петроградский,крестовский остров,spb
16800000,1,5,5,137.0,122627,1952,101.0,9.0,кировский,кировский,spb
15200000,4,4,5,120.0,126666,1857,74.0,21.0,адмиралтейский,садовая,spb
20200000,2,6,5,146.7,137695,1835,0.0,22.0,адмиралтейский,технологический институт,spb
20600000,4,6,5,118.5,173839,1908,78.0,14.0,петроградский,чкаловская,spb
18900000,4,5,5,101.1,186943,1901,74.0,9.0,петроградский,чкаловская,spb
27500000,2,4,5,128.4,214174,1798,0.0,0.0,адмиралтейский,адмиралтейская,spb
37450000,2,8,5,200.0,187250,1911,112.0,28.0,василеостровский,василеостровская,spb
13800000,3,5,5,138.1,99927,1858,95.0,13.0,адмиралтейский,технологический институт,spb
21500000,4,6,5,155.0,138709,1914,102.0,23.0,центральный,площадь восстания,spb
10550000,3,15,5,100.7,104766,1981,58.0,11.0,фрунзенский,дунайская,spb
31900000,4,5,5,200.0,159500,1958,71.0,51.0,московский,московская,spb
24700000,11,16,5,127.0,194488,1998,60.0,45.0,калининский,площадь мужества,spb
16800000,6,6,5,161.1,104283,1903,102.0,22.0,центральный,сенная площадь,spb
14500000,2,3,5,104.7,138490,1879,73.0,17.0,центральный,звенигородская,spb
57000000,3,6,5,257.0,221789,1912,190.0,8.0,петроградский,петроградская,spb
15000000,6,6,5,115.0,130434,1881,80.0,15.0,центральный,звенигородская,spb
29900000,17,18,5,146.9,203539,2021,74.0,14.0,приморский,пионерская,spb
24000000,3,4,5,180.0,133333,1912,113.0,17.0,адмиралтейский,садовая,spb
24000000,4,7,5,160.2,149812,1912,103.0,11.0,петроградский,петроградская,spb
19000000,2,4,5,121.0,157024,1873,0.0,14.0,центральный,маяковская,spb
22300000,3,6,5,160.0,139375,1910,102.0,13.0,петроградский,петроградская,spb
54390000,4,5,5,181.3,300000,1863,106.0,23.0,центральный,маяковская,spb
16600000,5,5,5,89.7,185061,1907,66.0,9.0,петроградский,петроградская,spb
199000000,4,4,5,229.0,868995,2004,118.0,18.0,петроградский,черная речка,spb
49800000,3,4,5,262.0,190076,1905,149.0,29.0,центральный,маяковская,spb
32000000,1,4,5,182.8,175054,2008,83.0,20.0,приморский,удельная,spb
45000000,13,23,5,193.0,233160,2008,106.0,24.0,кировский,проспект ветеранов,spb
29000000,1,4,5,125.8,230524,1835,84.0,13.0,адмиралтейский,адмиралтейская,spb
23750000,3,6,5,136.9,173484,1911,86.0,13.0,петроградский,чкаловская,spb
13999999,8,20,5,118.2,118443,2014,76.0,11.0,красносельский,автово,spb
42000000,6,6,5,151.0,278145,1939,0.0,0.0,московский,парк победы,spb
27800000,6,6,5,178.9,155394,1917,119.0,17.0,василеостровский,василеостровская,spb
22000000,19,24,5,125.0,176000,2018,74.0,15.0,красносельский,ленинский проспект,spb
26799999,7,15,5,147.0,182312,1995,83.0,16.0,выборгский,удельная,spb
23000000,3,4,5,169.0,136094,1877,99.0,12.0,центральный,звенигородская,spb
86990000,2,5,5,243.0,357983,1899,149.0,34.0,адмиралтейский,сенная площадь,spb
15400000,2,8,5,113.6,135563,1912,80.0,11.0,адмиралтейский,балтийская,spb
18600000,17,17,5,121.0,153719,2006,0.0,15.0,выборгский,озерки,spb
19400000,5,5,5,108.0,179629,1917,74.0,13.0,адмиралтейский,пушкинская,spb
19750000,12,13,5,147.0,134353,2004,0.0,11.0,приморский,старая деревня,spb
22000000,5,6,5,185.0,118918,1910,117.0,21.0,петроградский,горьковская,spb
38000000,14,14,5,125.0,304000,2018,56.0,34.0,красногвардейский,новочеркасская,spb
6700000,1,5,5,67.0,100000,1967,50.0,7.0,колпинский,купчино,spb
19300000,2,6,5,122.9,157038,1881,82.0,14.0,центральный,маяковская,spb
23000000,6,7,5,119.4,192629,1911,0.0,10.0,центральный,площадь восстания,spb
65000000,4,7,5,174.2,373134,1908,118.0,14.0,петроградский,горьковская,spb
10650000,3,4,5,95.9,111053,1939,72.0,8.0,петродворцовый,проспект ветеранов,spb
25000000,3,6,5,164.0,152439,1910,105.0,23.0,петроградский,петроградская,spb
22500000,3,3,5,100.0,225000,1780,74.0,8.0,василеостровский,спортивная,spb
15000000,6,7,5,93.4,160599,1911,61.0,10.0,василеостровский,василеостровская,spb
25000000,2,7,5,138.6,180375,1911,97.0,14.0,петроградский,петроградская,spb
14900000,3,5,5,84.0,177380,1924,55.0,15.0,выборгский,выборгская,spb
31500000,3,5,5,162.0,194444,1867,98.0,50.0,адмиралтейский,садовая,spb
15800000,4,5,5,101.0,156435,1874,73.0,9.0,центральный,сенная площадь,spb
17100000,4,5,5,117.9,145038,1901,81.0,16.0,адмиралтейский,технологический институт,spb
20900000,5,5,5,123.4,169367,1832,82.0,12.0,адмиралтейский,садовая,spb
11599999,4,5,5,75.5,153642,1897,52.0,9.0,адмиралтейский,нарвская,spb
21000000,3,5,5,137.4,152838,1908,94.0,11.0,центральный,чернышевская,spb
32000000,2,8,5,143.0,223776,1910,102.0,12.0,петроградский,петроградская,spb
16150000,6,7,5,116.3,138865,1917,75.0,11.0,центральный,площадь александра невского,spb
36500000,15,15,5,212.0,172169,1999,105.0,44.0,выборгский,политехническая,spb
23400000,4,5,5,136.8,171052,1907,94.0,19.0,адмиралтейский,технологический институт,spb
22800000,2,5,5,146.0,156164,1903,100.0,15.0,центральный,владимирская,spb
104500000,7,10,5,300.0,348333,2017,107.0,100.0,петроградский,спортивная,spb
26500000,2,5,5,178.9,148127,1901,119.0,20.0,петроградский,петроградская,spb
11199000,5,9,5,71.5,156629,1969,54.0,6.0,фрунзенский,международная,spb
39900000,4,11,5,144.6,275933,2015,90.0,11.0,адмиралтейский,фрунзенская,spb
51749000,8,9,5,133.9,386474,2022,82.0,14.0,петроградский,петроградский,spb
41000000,3,5,5,195.0,210256,1998,107.0,33.0,пушкинский,купчино,spb
40000000,4,4,5,200.0,200000,1881,85.0,35.0,центральный,чернышевская,spb
18980000,5,9,5,128.6,147589,1989,85.0,23.0,приморский,комендантский проспект,spb
17190000,9,12,5,126.4,135996,1986,84.0,10.0,выборгский,проспект просвещения,spb
32000000,3,4,5,213.0,150234,1994,105.0,24.0,центральный,площадь восстания,spb
10090000,3,4,5,97.5,103487,1939,74.0,8.0,петродворцовый,проспект ветеранов,spb
27280000,1,4,5,136.4,200000,1874,106.0,11.0,адмиралтейский,сенная площадь,spb
16800000,1,6,5,140.0,120000,1939,101.0,9.0,кировский,кировский,spb
54900000,2,7,5,180.0,305000,2008,95.0,17.0,петроградский,петроградская,spb
20499000,5,5,5,124.0,165314,1912,85.0,21.0,центральный,площадь восстания,spb
26900000,5,10,5,159.2,168969,1996,78.0,60.0,выборгский,удельная,spb
85000000,2,3,5,260.0,326923,1838,0.0,40.0,центральный,чернышевская,spb
18900000,17,17,5,137.0,137956,2006,0.0,12.0,выборгский,озерки,spb
47990000,5,5,5,148.8,322513,1902,102.0,19.0,петроградский,спортивная,spb
52500000,1,6,5,164.8,318567,2015,65.0,57.0,центральный,новочеркасская,spb
93500000,3,4,5,283.0,330388,1798,65.0,80.0,центральный,чернышевская,spb
24899999,4,5,5,150.0,165999,1917,109.0,17.0,московский,московский,spb
29500000,10,24,5,142.9,206438,2004,111.0,9.0,московский,московская,spb
65000000,6,7,5,184.0,353260,2009,0.0,17.0,петроградский,петроградская,spb
38000000,2,5,5,164.7,230722,1875,98.0,9.0,центральный,чернышевская,spb
5100000,1,2,5,278.0,18345,1910,0.0,0.0,петродворцовый,петродворцовый,spb
28000000,3,3,5,233.0,120171,2009,127.0,23.0,красносельский,ленинский проспект,spb
6700000,2,2,5,353.8,18937,1917,0.0,0.0,петродворцовый,петродворцовый,spb
19890000,2,4,5,130.0,153000,1936,85.0,12.0,адмиралтейский,пушкинская,spb
160000000,2,7,5,241.2,663349,2005,144.0,27.0,петроградский,крестовский остров,spb
27800000,5,6,5,120.2,231281,1912,81.0,14.0,петроградский,чкаловская,spb
12500000,5,9,5,71.4,175070,1970,54.0,6.0,фрунзенский,международная,spb
21400000,5,6,5,121.0,176859,1905,78.0,13.0,центральный,площадь александра невского,spb
24000000,3,17,5,135.0,177777,1999,85.0,17.0,василеостровский,приморская,spb
36953000,6,7,5,160.0,230956,1914,97.0,11.0,петроградский,петроградская,spb
47000000,3,4,5,295.0,159322,2004,180.0,32.0,выборгский,проспект просвещения,spb
34000000,3,5,5,197.8,171890,1913,104.0,13.0,петроградский,петроградская,spb
19300000,3,4,5,121.2,159240,1860,89.0,12.0,центральный,лиговский проспект,spb
10995000,3,4,5,100.0,109950,2008,72.0,8.0,петродворцовый,автово,spb
29400000,3,5,5,162.0,181481,1917,101.0,21.0,центральный,адмиралтейская,spb
26990000,1,3,5,186.1,145029,1890,118.0,24.0,адмиралтейский,балтийская,spb
20000000,34,35,5,148.0,135135,2009,108.0,35.0,невский,пролетарская,spb
60000000,7,9,5,229.0,262008,2007,105.0,29.0,петроградский,петроградская,spb
19900000,4,4,5,120.0,165833,1841,77.0,13.0,центральный,достоевская,spb
12500000,3,5,5,95.4,131027,1960,63.0,11.0,невский,обухово,spb
11700000,1,3,5,175.2,66780,2003,97.0,36.0,красносельский,проспект ветеранов,spb
27700000,1,5,5,124.0,223387,1878,81.0,16.0,центральный,площадь восстания,spb
25000000,4,4,5,159.3,156936,1780,112.0,17.0,адмиралтейский,садовая,spb
19999000,2,5,5,132.3,151164,1877,86.0,12.0,центральный,чернышевская,spb
25500000,5,5,5,153.5,166123,1880,96.0,11.0,центральный,чернышевская,spb
23760000,6,7,5,160.0,148500,1946,110.0,20.0,адмиралтейский,балтийская,spb
39990000,6,8,5,142.7,280238,2004,89.0,18.0,выборгский,площадь ленина,spb
45000000,1,4,5,172.3,261172,1878,111.0,14.0,центральный,чернышевская,spb
20500000,4,5,5,116.2,176419,1893,76.0,21.0,адмиралтейский,технологический институт,spb
13000000,1,5,5,66.5,195488,1965,50.0,7.0,кировский,проспект ветеранов,spb
69000000,9,9,5,177.3,389170,2017,103.0,23.0,петроградский,спортивная,spb
37500000,1,7,5,150.0,250000,1914,99.0,14.0,центральный,владимирская,spb
40000000,2,3,5,165.0,242424,1951,75.0,23.0,приморский,черная речка,spb
20700000,3,5,5,115.9,178602,1867,81.0,15.0,центральный,площадь александра невского,spb
198000000,1,5,5,325.5,608294,1910,110.0,36.0,петроградский,крестовский остров,spb
16500000,1,7,5,108.5,152073,1896,73.0,18.0,центральный,лиговский проспект,spb
17000000,1,5,5,124.5,136546,1901,85.0,20.0,адмиралтейский,пушкинская,spb
22000000,2,3,5,103.0,213592,1957,74.0,13.0,адмиралтейский,пушкинская,spb
39900000,2,2,5,175.4,227480,1917,119.0,34.0,пушкинский,пушкинский,spb
19120000,6,6,5,135.3,141315,1914,85.0,14.0,адмиралтейский,садовая,spb
32300000,2,5,5,137.5,234909,1881,0.0,19.0,центральный,площадь восстания,spb
25900000,2,9,5,135.7,190862,2008,85.0,13.0,приморский,озерки,spb
20000000,4,4,5,141.1,141743,1857,93.0,19.0,адмиралтейский,садовая,spb
25000000,4,21,5,130.0,192307,2004,0.0,13.0,выборгский,проспект просвещения,spb
21900000,2,5,5,117.0,187179,1900,82.0,13.0,адмиралтейский,садовая,spb
16500000,4,4,5,98.9,166835,1798,66.0,11.0,адмиралтейский,садовая,spb
11750000,5,9,5,71.2,165028,1969,54.0,6.0,кировский,проспект ветеранов,spb
21200000,4,6,5,146.7,144512,1899,76.0,15.0,василеостровский,василеостровская,spb
26300000,4,4,5,142.0,185211,1952,100.0,15.0,выборгский,удельная,spb
85680000,9,9,5,237.45,360833,1946,151.0,20.0,петроградский,крестовский остров,spb
19050000,7,7,5,117.0,162820,1913,76.0,15.0,центральный,площадь восстания,spb
15000000,4,7,5,112.0,133928,1912,70.0,13.0,калининский,площадь ленина,spb
23499999,4,4,5,143.7,163535,1851,77.0,16.0,центральный,площадь восстания,spb
47000000,11,14,5,196.7,238942,2006,102.0,22.0,василеостровский,приморская,spb
25000000,3,6,5,144.1,173490,1913,96.0,19.0,адмиралтейский,технологический институт,spb
22000000,3,5,5,113.3,194174,1905,75.0,10.0,адмиралтейский,технологический институт,spb
18990000,5,7,5,116.6,162864,1914,70.0,10.0,центральный,лиговский проспект,spb
124900000,11,11,5,317.0,394006,2016,97.0,81.0,петроградский,спортивная,spb
22900000,3,6,5,152.8,149869,1946,108.0,0.0,центральный,площадь александра невского,spb
41500000,8,26,5,158.1,262492,2010,0.0,0.0,василеостровский,приморская,spb
59000000,2,5,5,174.0,339080,1903,110.0,30.0,центральный,площадь александра невского,spb
29950000,4,6,5,130.1,230207,1911,94.0,11.0,петроградский,чкаловская,spb
49300000,2,9,5,205.0,240487,2006,112.0,30.0,василеостровский,приморская,spb
64000000,8,12,5,170.0,376470,2006,71.0,37.0,петроградский,петроградская,spb
30750000,2,7,5,131.0,234732,1911,90.0,9.0,центральный,достоевская,spb
15800000,13,25,5,118.0,133898,2012,76.0,11.0,красносельский,автово,spb
32500000,2,4,5,282.6,115003,2016,151.0,72.0,приморский,озерки,spb
26000000,1,4,5,133.1,195341,2019,103.0,25.0,петродворцовый,петродворцовый,spb
28400000,2,3,5,154.7,183581,2022,84.0,12.0,пушкинский,звездная,spb
37700000,3,16,5,183.0,206010,2008,89.0,21.0,московский,звездная,spb
18800000,4,5,5,195.9,95967,2013,84.0,38.0,курортный,беговая,spb
117600000,1,6,5,196.0,600000,2020,102.0,20.0,петроградский,крестовский остров,spb
117600000,2,7,5,196.0,600000,2020,102.0,18.0,петроградский,крестовский остров,spb
35000000,1,6,5,126.0,277777,1849,67.0,20.0,адмиралтейский,адмиралтейская,spb
15999000,5,6,5,153.0,104568,1847,83.0,18.0,центральный,лиговский проспект,spb
18999900,2,6,5,151.8,125164,1912,89.0,9.0,центральный,чернышевская,spb
44990000,5,10,5,126.2,356497,2014,59.0,40.0,василеостровский,приморская,spb
12500000,1,12,5,100.0,125000,1991,69.0,10.0,приморский,старая деревня,spb
19800000,1,5,5,167.7,118067,1899,102.0,22.0,василеостровский,приморская,spb
285000000,7,11,5,420.1,678409,2009,148.0,34.0,центральный,чернышевская,spb
272990000,3,5,5,385.0,709064,2015,0.0,0.0,центральный,чернышевская,spb
16100000,3,10,5,144.1,111727,1998,82.0,10.0,приморский,комендантский проспект,spb
24900000,6,6,5,174.2,142939,1913,107.0,15.0,петроградский,спортивная,spb
83700000,10,10,5,169.0,495266,2018,86.0,62.0,петроградский,чкаловская,spb
24720000,9,18,5,125.8,196502,2003,0.0,13.0,выборгский,проспект просвещения,spb
127000000,4,4,5,201.1,631526,1872,0.0,18.0,адмиралтейский,адмиралтейская,spb
24500000,4,4,5,142.0,172535,1952,85.0,16.0,выборгский,удельная,spb
41350000,4,5,5,113.7,363676,1828,81.0,24.0,центральный,гостиный двор,spb
14000000,3,4,5,113.3,123565,1917,78.0,14.0,калининский,площадь ленина,spb
39000000,5,6,5,166.7,233953,1998,106.0,17.0,адмиралтейский,садовая,spb
23800000,2,5,5,137.0,173722,1911,68.0,13.0,петроградский,чкаловская,spb
16200000,3,6,5,126.0,128571,1892,95.0,14.0,калининский,площадь ленина,spb
63700000,7,10,5,182.0,350000,2018,113.0,23.0,центральный,площадь александра невского,spb
88000000,6,6,5,212.0,415094,1911,93.0,60.0,петроградский,горьковская,spb
450000000,13,14,5,424.6,1059821,2017,213.0,99.0,петроградский,крестовский остров,spb
20850000,4,4,5,95.0,219473,1898,60.0,11.0,адмиралтейский,пушкинская,spb
28000000,3,6,5,112.0,250000,1989,47.0,10.0,адмиралтейский,садовая,spb
17500000,6,16,5,88.1,198637,1969,63.0,9.0,василеостровский,приморская,spb
34900000,5,16,5,171.2,203855,2008,108.0,46.0,московский,московская,spb
14950000,4,4,5,117.6,127125,1861,88.0,15.0,петроградский,спортивная,spb
14200000,4,4,5,103.0,137864,1852,63.0,9.0,центральный,чернышевская,spb
24500000,14,19,5,140.7,174129,1992,90.0,15.0,московский,московская,spb
14790000,4,5,5,115.2,128385,1904,0.0,8.0,центральный,площадь александра невского,spb
14900000,5,6,5,91.2,163377,1909,60.0,12.0,петроградский,горьковская,spb
15000000,5,6,5,125.6,119426,1909,90.0,17.0,центральный,площадь восстания,spb
26000000,3,3,5,138.7,187454,2005,83.0,15.0,выборгский,озерки,spb
50500000,4,4,5,144.8,348756,1916,0.0,0.0,петроградский,крестовский остров,spb
25000000,3,5,5,155.0,161290,1956,106.0,24.0,выборгский,удельная,spb
32990000,3,5,5,187.0,176417,1903,97.0,35.0,петроградский,горьковская,spb
15800000,4,6,5,100.0,158000,1910,71.0,9.0,петроградский,спортивная,spb
14300000,16,26,5,119.7,119465,2012,69.0,14.0,красносельский,ленинский проспект,spb
14900000,2,6,5,104.0,143269,1879,75.0,8.0,адмиралтейский,технологический институт,spb
26000000,4,5,5,121.8,213464,1845,88.0,21.0,центральный,чернышевская,spb
45000000,5,5,5,160.7,280024,1845,102.0,15.0,центральный,маяковская,spb
48500000,2,5,5,180.0,269444,1946,113.0,18.0,центральный,площадь восстания,spb
21850000,4,6,5,119.1,183459,1909,88.0,10.0,василеостровский,василеостровская,spb
7700000,2,5,5,59.0,130508,1962,0.0,7.0,кировский,ленинский проспект,spb
16900000,5,5,5,100.0,169000,1949,72.0,10.0,красногвардейский,новочеркасская,spb
20700000,2,13,5,107.0,193457,1988,68.0,9.0,василеостровский,приморская,spb
26000000,2,5,5,139.0,187050,1917,97.0,15.0,адмиралтейский,звенигородская,spb
47900000,16,19,5,154.3,310434,2004,90.0,22.0,василеостровский,приморская,spb
16700000,5,7,5,135.7,123065,1910,0.0,0.0,петроградский,петроградская,spb
17000000,2,4,5,163.8,103785,1917,94.0,12.0,адмиралтейский,технологический институт,spb
20990000,4,4,5,156.0,134551,1878,108.0,22.0,центральный,маяковская,spb
14900000,10,11,5,105.0,141904,1996,63.0,10.0,невский,ломоносовская,spb
39900000,12,12,5,265.8,150112,2006,0.0,0.0,выборгский,озерки,spb
17500000,4,5,5,117.8,148556,1917,85.0,11.0,фрунзенский,обводный канал,spb
17600000,3,4,5,101.0,174257,1917,63.0,12.0,центральный,чернышевская,spb
17000000,10,16,5,122.5,138775,1981,60.0,24.0,выборгский,проспект просвещения,spb
40500000,2,5,5,142.0,285211,1774,0.0,0.0,адмиралтейский,садовая,spb
19000000,2,4,5,124.8,152243,1838,73.0,20.0,центральный,владимирская,spb
16950000,8,9,5,90.1,188124,1970,62.0,9.0,василеостровский,приморская,spb
35000000,2,5,5,126.0,277777,1857,61.0,18.0,адмиралтейский,адмиралтейская,spb
47355849,12,17,5,177.0,267547,1993,0.0,0.0,василеостровский,приморская,spb
21000000,3,3,5,131.0,160305,1852,103.0,13.0,центральный,площадь александра невского,spb
43000000,5,27,5,183.0,234972,2019,153.0,0.0,московский,московская,spb
46000000,2,3,5,283.0,162544,1946,97.0,51.0,приморский,удельная,spb
36500000,2,3,5,190.0,192105,1806,140.0,18.0,василеостровский,василеостровская,spb
18500000,4,6,5,146.5,126279,1911,99.0,14.0,центральный,площадь восстания,spb
24700000,12,13,5,138.3,178597,1987,81.0,9.0,выборгский,озерки,spb
16200000,6,7,5,116.3,139294,1916,75.0,11.0,центральный,площадь александра невского,spb
12120000,9,15,5,110.0,110181,1982,80.0,12.0,красногвардейский,ладожская,spb
35600000,6,11,5,145.0,245517,2021,73.0,35.0,выборгский,выборгская,spb
54266900,2,6,5,259.6,209040,1913,91.0,10.0,центральный,чернышевская,spb
15500000,6,6,5,96.2,161122,1904,58.0,15.0,центральный,площадь восстания,spb
20900000,4,4,5,95.7,218390,1898,60.0,11.0,адмиралтейский,сенная площадь,spb
18500000,2,5,5,141.2,131019,1876,102.0,14.0,адмиралтейский,балтийская,spb
17000000,1,6,5,110.0,154545,1914,68.0,14.0,центральный,площадь восстания,spb
36500000,15,15,5,212.0,172169,1999,152.0,15.0,выборгский,проспект просвещения,spb
29900000,4,4,5,172.0,173837,2017,0.0,15.0,курортный,курортный,spb
35000000,5,6,5,172.0,203488,1873,111.0,13.0,центральный,чернышевская,spb
35500000,4,4,5,157.9,224825,1830,0.0,30.0,адмиралтейский,адмиралтейская,spb
39000000,8,8,5,198.0,196969,2020,0.0,35.0,московский,звездная,spb
40000000,3,5,5,180.0,222222,1917,150.0,25.0,адмиралтейский,технологический институт,spb
50000000,13,13,5,203.0,246305,2017,104.0,45.0,приморский,беговая,spb
55000000,1,6,5,150.5,365448,1946,105.0,21.0,петроградский,спортивная,spb
57000000,3,6,5,232.6,245055,1901,166.0,28.0,центральный,чернышевская,spb
60000000,2,5,5,159.0,377358,1907,103.0,14.0,центральный,чернышевская,spb
65000000,3,4,5,280.0,232142,2012,97.0,50.0,приморский,удельная,spb
65000000,2,4,5,203.0,320197,2012,127.0,18.0,приморский,удельная,spb
65000000,17,18,5,226.9,286469,2004,136.0,31.0,василеостровский,приморская,spb
78000000,6,6,5,249.3,312876,1913,126.0,62.0,петроградский,петроградская,spb
79900000,4,9,5,164.0,487195,2006,0.0,0.0,петроградский,крестовский остров,spb
80000000,2,5,5,252.0,317460,1891,0.0,67.0,центральный,достоевская,spb
80000000,1,3,5,324.0,246913,2003,235.0,35.0,приморский,удельная,spb
87750000,5,10,5,186.0,471774,2022,0.0,0.0,петроградский,крестовский остров,spb
90000000,19,25,5,212.0,424528,2014,0.0,32.0,московский,звездная,spb
93500000,3,4,5,286.0,326923,1902,0.0,80.0,центральный,чернышевская,spb
100000000,10,10,5,210.0,476190,2007,135.0,46.0,петроградский,спортивная,spb
117600000,2,7,5,196.0,600000,2020,0.0,0.0,петроградский,крестовский остров,spb
119000000,5,6,5,309.0,385113,1872,255.0,28.0,адмиралтейский,адмиралтейская,spb
120000000,2,5,5,237.0,506329,2013,176.0,22.0,центральный,площадь восстания,spb
129000000,9,13,5,322.0,400621,2017,136.0,152.0,петроградский,петроградский,spb
129000000,9,13,5,320.0,403125,2017,0.0,0.0,петроградский,чкаловская,spb
134500000,7,10,5,236.0,569915,2022,90.0,57.0,петроградский,крестовский остров,spb
134554200,7,7,5,237.0,567739,2022,118.0,26.0,петроградский,крестовский остров,spb
138000000,2,5,5,257.5,535922,1872,0.0,0.0,адмиралтейский,адмиралтейская,spb
149000000,2,2,5,374.8,397545,2000,94.0,47.0,пушкинский,звездная,spb
150000000,2,5,5,256.2,585480,1798,128.0,39.0,центральный,гостиный двор,spb
175000000,13,14,5,340.0,514705,2006,0.0,0.0,василеостровский,приморская,spb
240000000,5,5,5,380.0,631578,2001,0.0,0.0,центральный,гостиный двор,spb
240000000,8,14,5,342.0,701754,2017,88.0,205.0,петроградский,спортивная,spb
247000000,3,5,5,206.4,1196705,1872,120.0,33.0,центральный,адмиралтейская,spb
265872360,3,7,5,253.0,1050878,2007,147.0,41.0,петроградский,крестовский остров,spb
9500000,4,5,5,77.0,123376,1935,43.0,10.0,невский,обухово,spb
20000000,4,4,5,140.0,142857,1859,0.0,0.0,центральный,центральный,spb
98000000,11,12,5,247.9,395320,2009,143.0,17.0,центральный,чернышевская,spb
140000000,2,9,4,227.6,615114,2015,124.0,16.0,центральный,звенигородская,spb
325165000,4,6,0,355.8,913898,1906,193.0,21.0,центральный,чернышевская,spb
153600000,1,6,0,309.6,496124,1906,151.0,21.0,центральный,чернышевская,spb
126324000,9,9,0,240.0,526350,2022,135.0,27.0,центральный,чернышевская,spb
204517200,4,6,0,286.0,715095,1910,168.0,53.0,центральный,достоевская,spb
146000000,4,4,0,640.0,228125,1902,200.0,20.0,василеостровский,василеостровская,spb
264699000,7,7,4,246.07,1075706,2020,97.0,0.0,центральный,чернышевская,spb
160000000,4,4,0,631.2,253485,1946,373.0,0.0,центральный,чернышевская,spb
115000000,2,6,0,344.7,333623,1916,254.0,26.0,центральный,площадь ленина,spb
250000000,7,7,3,260.0,961538,2023,0.0,0.0,центральный,площадь ленина,spb
278000000,4,7,0,356.0,780898,1906,0.0,0.0,центральный,чернышевская,spb
110000000,5,5,0,370.0,297297,1909,240.0,23.0,центральный,маяковская,spb
